<?xml version="1.0" encoding="UTF-8"?>
<project-private xmlns="http://www.netbeans.org/ns/project-private/1">
    <editor-bookmarks xmlns="http://www.netbeans.org/ns/editor-bookmarks/2" lastBookmarkId="0"/>
    <open-files xmlns="http://www.netbeans.org/ns/projectui-open-files/2">
        <group>
            <file>file:/Users/srishailamdasari1/NetBeansProjects/Cache%20Controllers/src/cache/controllers/WriteBuff.java</file>
            <file>file:/Users/srishailamdasari1/NetBeansProjects/Cache%20Controllers/src/cache/controllers/L2Controler.java</file>
            <file>file:/Users/srishailamdasari1/NetBeansProjects/Cache%20Controllers/src/cache/controllers/CPUController.java</file>
            <file>file:/Users/srishailamdasari1/NetBeansProjects/Cache%20Controllers/src/cache/controllers/L2Buffer.java</file>
            <file>file:/Users/srishailamdasari1/NetBeansProjects/Cache%20Controllers/src/cache/controllers/L1Controler.java</file>
            <file>file:/Users/srishailamdasari1/NetBeansProjects/Cache%20Controllers/src/cache/controllers/Scheduling.java</file>
            <file>file:/Users/srishailamdasari1/NetBeansProjects/Cache%20Controllers/src/cache/controllers/Memory.java</file>
            <file>file:/Users/srishailamdasari1/NetBeansProjects/Cache%20Controllers/src/cache/controllers/L2DataController.java</file>
            <file>file:/Users/srishailamdasari1/NetBeansProjects/Cache%20Controllers/src/cache/controllers/L1DataController.java</file>
            <file>file:/Users/srishailamdasari1/NetBeansProjects/Cache%20Controllers/src/cache/controllers/L1Victim.java</file>
        </group>
    </open-files>
</project-private>
